{
    "rmse": 0.043811996450197906,
    "mse": 0.0019194910329521538,
    "mae": 0.021994866873647715,
    "max": 0.4001584633144925,
    "lp4": 0.00045690702464444533,
    "rrmse": 1.0091566182861995
}