{
    "rmse": 1.3382704829797594,
    "mae": 0.18135714069042413,
    "max": 28.73394738888873,
    "lp4": 0.02886134834800729,
    "rrmse": 1.00031399942651
}