{
    "rmse": 1.696289353333676,
    "mae": 0.26771247830915135,
    "max": 28.73747121497388,
    "lp4": 0.030448137243625443,
    "rrmse": 1.0002270384339675
}