{
    "rmse": 1.3383152894528116,
    "mae": 0.18131268023242897,
    "max": 28.735270107347233,
    "lp4": 0.028862637060468734,
    "rrmse": 1.0003474908191914
}