{
    "rmse": 1.3106613161675311,
    "mse": 1.7178330856980049,
    "mae": 0.600721308376093,
    "max": 7.66733176977438,
    "lp4": 0.04288606001800964,
    "rrmse": 0.9996286629836726
}