{
    "rmse": 1.3383059506419113,
    "mae": 0.18135980939333807,
    "max": 28.734610063524038,
    "lp4": 0.02886206574822222,
    "rrmse": 1.0003405103594112
}