{
    "rmse": 1.3382778862611,
    "mae": 0.18148773459517054,
    "max": 28.73340646393146,
    "lp4": 0.028861021153398957,
    "rrmse": 1.000319533140405
}