{
    "rmse": 1.835886627312699,
    "mae": 0.2718689804283547,
    "max": 27.355913859031453,
    "lp4": 0.031131748236422035,
    "rrmse": 1.000176040471027
}