{
    "rmse": 97.59404169580999,
    "mse": 9524.5969745235,
    "mae": 53.126258573476065,
    "max": 239.0556035807334,
    "lp4": 27.35549324595307,
    "rrmse": 1.0001332517986579
}