{
    "rmse": 1.3384421460716605,
    "mae": 0.18120855121127513,
    "max": 28.739003489911045,
    "lp4": 0.028865994998828953,
    "rrmse": 1.0004423120480597
}