{
    "rmse": 1.3383030766014181,
    "mae": 0.18138300779102312,
    "max": 28.734680764552753,
    "lp4": 0.028862045820833227,
    "rrmse": 1.0003383621068889
}