{
    "rmse": 6.49613009668379,
    "mse": 42.19970623304095,
    "mae": 5.165515919092543,
    "max": 25.37315322928051,
    "lp4": 0.030769968386624356,
    "rrmse": 1.0011903465428849
}