{
    "rmse": 8.155892013521504,
    "mae": 1.535892290520238,
    "max": 59.45653201717778,
    "lp4": 0.5765514639379159,
    "rrmse": 0.0073520227989604565
}