{
    "rmse": 1.203635908428423,
    "mse": 1.448739400058315,
    "mae": 0.770414419491872,
    "max": 5.905525550746461,
    "lp4": 0.057412000772758195,
    "rrmse": 0.04331995451757471
}