{
    "rmse": 0.20978026466538705,
    "mae": 0.04805949692533547,
    "max": 1.799192597018191,
    "lp4": 0.016048821513003592,
    "rrmse": 0.00020232413769797413
}