{
    "rmse": 676.140426209146,
    "mse": 457165.8759542856,
    "mae": 548.5599886804619,
    "max": 1764.9238282950846,
    "lp4": 21.88649067414881,
    "rrmse": 1.0964883956280527
}