{
    "rmse": 318.21525011935773,
    "mse": 101260.9454085254,
    "mae": 318.21525011935773,
    "max": 318.21525011935773,
    "lp4": 318.21525011935773,
    "rrmse": Infinity
}