{
    "rmse": 0.4666552757824597,
    "mae": 0.06837770633085755,
    "max": 4.99430277965439,
    "lp4": 0.04232769445551441,
    "rrmse": 0.000397049061435925
}