{
    "rmse": 174.84124071988066,
    "mse": 30569.45945646726,
    "mae": 169.32740965414982,
    "max": 268.43427871888525,
    "lp4": 3.3241773212694086,
    "rrmse": 1.781028908413056
}