{
    "rmse": 8.40506427098364,
    "mae": 1.6841220048143088,
    "max": 60.51783509409688,
    "lp4": 0.5904927933933792,
    "rrmse": 0.007576635890292829
}