{
    "rmse": 719.4896396206458,
    "mse": 517665.3415214467,
    "mae": 706.2496059493709,
    "max": 952.4962052450937,
    "lp4": 66.38180787606193,
    "rrmse": 6.424462281624173
}