{
    "rmse": 0.6317873868060747,
    "mae": 0.10515455733342913,
    "max": 6.381972972375479,
    "lp4": 0.0542804134132382,
    "rrmse": 0.0005695165242738859
}