{
    "rmse": 10.6210268890345,
    "mae": 2.17835938737622,
    "max": 76.21605240200824,
    "lp4": 0.7487720491597117,
    "rrmse": 0.009574186576660934
}