{
    "rmse": 1.2036359084280723,
    "mse": 1.4487394000574711,
    "mae": 0.7704144194914249,
    "max": 5.905525550746461,
    "lp4": 0.05741200077275633,
    "rrmse": 0.0433199545175621
}