{
    "rmse": 9.268428583172652,
    "mae": 1.7008117630548272,
    "max": 69.08780853669305,
    "lp4": 0.6591016861632962,
    "rrmse": 0.0083549044226004
}