{
    "rmse": 1.7240922561548406,
    "mse": 2.972494107733089,
    "mae": 0.8038555413519843,
    "max": 14.773085584201908,
    "lp4": 0.125943185604648,
    "rrmse": 0.06447622669548789
}