{
    "rmse": 8.281017095433521,
    "mae": 1.6145573126666213,
    "max": 57.69193063421608,
    "lp4": 0.5783556667493619,
    "rrmse": 0.0074648151769632345
}