{
    "rmse": 1.3438230202250854,
    "mse": 1.8058603096868702,
    "mae": 0.6780303753056753,
    "max": 11.560886064014994,
    "lp4": 0.09834048459975632,
    "rrmse": 0.049871984122928655
}