{
    "rmse": 0.041931007661591496,
    "mae": 0.028551670709747554,
    "max": 0.3700665522548561,
    "lp4": 0.00010981073685860927,
    "rrmse": 0.15269971696597903
}