{
    "rmse": 46.05580682213165,
    "mse": 2121.1373420375085,
    "mae": 25.84537008091734,
    "max": 216.20103521069066,
    "lp4": 0.23219054616420043,
    "rrmse": 3.0046496982156228
}