{
    "rmse": 0.0645147174570317,
    "mae": 0.043907022380259696,
    "max": 0.4881097230451028,
    "lp4": 0.00017985706041348515,
    "rrmse": 0.23494257937551646
}