{
    "rmse": 0.041493421159421104,
    "mae": 0.03115303419749639,
    "max": 0.2893616098328725,
    "lp4": 0.00010023795119626242,
    "rrmse": 0.16688800370832801
}