{
    "rmse": 0.007051314315457141,
    "mae": 0.005306015634362583,
    "max": 0.030110196387122673,
    "lp4": 1.5070396686602752e-05,
    "rrmse": 0.025678698420470873
}