{
    "rmse": 0.007257988450746476,
    "mae": 0.005450166848916326,
    "max": 0.03547861379847045,
    "lp4": 1.5552596443043578e-05,
    "rrmse": 0.026431341481605267
}