{
    "rmse": 41.4934211594211,
    "mse": 1721.703999513095,
    "mae": 31.153034197496385,
    "max": 289.36160983287255,
    "lp4": 0.10023795119626241,
    "rrmse": 0.16688800370832801
}