{
    "rmse": 0.03940766250349599,
    "mae": 0.030374459299424218,
    "max": 0.18210238984005023,
    "lp4": 7.97023636438554e-05,
    "rrmse": 0.1678854210197064
}