{
    "rmse": 0.5004846778624296,
    "mse": 0.2504849127750599,
    "mae": 0.44046890706187475,
    "max": 1.1511085219653079,
    "lp4": 0.006281804874018098,
    "rrmse": 1.3765418267324296
}