{
    "rmse": 0.005812279686510866,
    "mae": 0.004294367270041569,
    "max": 0.03459955474446064,
    "lp4": 1.2949187223935202e-05,
    "rrmse": 0.021166518825882948
}