{
    "rmse": 39.407662503495985,
    "mse": 1552.9638639894436,
    "mae": 30.374459299424213,
    "max": 182.10238984005025,
    "lp4": 0.07970236364385541,
    "rrmse": 0.16788542101970638
}