{
    "rmse": 41.49342115942111,
    "mse": 1721.7039995130954,
    "mae": 31.153034197496392,
    "max": 289.36160983287283,
    "lp4": 0.10023795119626244,
    "rrmse": 0.16688800370832801
}