{
    "rmse": 60.48825778204552,
    "mse": 3658.8293295071903,
    "mae": 46.931129532030674,
    "max": 274.84807038603253,
    "lp4": 0.32853316445483166,
    "rrmse": 1.0430023035691367
}