{
    "rmse": 1035.5066135051127,
    "mse": 1072273.9466128268,
    "mae": 694.4065597029863,
    "max": 11507.131947729427,
    "lp4": 0.895556701777393,
    "rrmse": 0.8628758453497302
}