{
    "rmse": 0.004887258767724053,
    "mae": 0.0036018021919612966,
    "max": 0.030301151548284333,
    "lp4": 1.1112422372559499e-05,
    "rrmse": 0.017797879712167095
}