{
    "rmse": 64.51471745703171,
    "mse": 4162.148768560632,
    "mae": 43.9070223802597,
    "max": 488.109723045103,
    "lp4": 0.17985706041348515,
    "rrmse": 0.23494257937551646
}