{
    "rmse": 127.31192831727479,
    "mae": 19.417578733150105,
    "max": 1158.418257895678,
    "lp4": 10.032489210749175,
    "rrmse": 1.0002000759515315
}