{
    "rmse": 127.31100286204311,
    "mae": 19.4146319412965,
    "max": 1158.3895561270258,
    "lp4": 10.032290339836397,
    "rrmse": 1.000192805302149
}