{
    "rmse": 0.8860770327688068,
    "mse": 0.7851325080003732,
    "mae": 0.5970770946299587,
    "max": 2.4225804519475713,
    "lp4": 0.11327639123802612,
    "rrmse": 1.0151437134323082
}