{
    "rmse": 127.31121663736555,
    "mae": 19.416184118828685,
    "max": 1158.407528456019,
    "lp4": 10.032406723238825,
    "rrmse": 1.0001944847841626
}