{
    "rmse": 127.31186251421796,
    "mae": 19.416285832208523,
    "max": 1158.3032812304923,
    "lp4": 10.031772851145393,
    "rrmse": 1.0001995589833
}