{
    "rmse": 127.3115743409789,
    "mae": 19.414553839507896,
    "max": 1158.3911235418075,
    "lp4": 10.032312676638064,
    "rrmse": 1.0001972950092999
}