{
    "rmse": 43.75764829222854,
    "mse": 1914.731784066371,
    "mae": 36.68016871702709,
    "max": 133.38750327359608,
    "lp4": 1.0156474387671577,
    "rrmse": 1.68091203271734
}