{
    "rmse": 194.50975027762618,
    "mse": 37834.0429530645,
    "mae": 194.50975027762618,
    "max": 194.50975027762618,
    "lp4": 194.50975027762618,
    "rrmse": Infinity
}