{
    "rmse": 117.66267829509232,
    "mse": 13844.505863574388,
    "mae": 14.912425762605276,
    "max": 1168.9110174977982,
    "lp4": 9.99902473985983,
    "rrmse": 1.001397601864846
}