{
    "rmse": 0.8339856038178308,
    "mse": 0.6955319873753918,
    "mae": 0.4495106042740669,
    "max": 4.8794124495603155,
    "lp4": 0.04376523762059659,
    "rrmse": 1.0034955909960477
}