{
    "rmse": 68.99438582634836,
    "mse": 4760.225275555021,
    "mae": 9.850992213481938,
    "max": 551.2605276106822,
    "lp4": 5.345772294429767,
    "rrmse": 1.0082721067650922
}