{
    "rmse": 127.31083347251658,
    "mae": 19.414949791680662,
    "max": 1158.3879324078293,
    "lp4": 10.032276222115199,
    "rrmse": 1.0001914745280451
}