{
    "rmse": 26.08531453241775,
    "mse": 680.4436342551647,
    "mae": 15.772276516662961,
    "max": 140.56234959104833,
    "lp4": 0.15025543487366372,
    "rrmse": 1.1124493527265653
}