{
    "rmse": 73.5152243602002,
    "mae": 6.582476814105332,
    "max": 1159.1020919077962,
    "lp4": 1.467032454092513,
    "rrmse": 1.000173764724446
}