{
    "rmse": 73.51572307784296,
    "mse": 5404.561539658092,
    "mae": 6.583216400261869,
    "max": 1159.0152707775965,
    "lp4": 1.4669567857255985,
    "rrmse": 1.0001805497721235
}