{
    "rmse": 148.78153321412233,
    "mse": 22135.94462554499,
    "mae": 74.7384530487679,
    "max": 314.0478120679928,
    "lp4": 41.49717666991914,
    "rrmse": 1.111137233896945
}