{
    "rmse": 73.5157587534919,
    "mae": 6.583330071883823,
    "max": 1159.1302981572373,
    "lp4": 1.4670615341323663,
    "rrmse": 1.0001810351389084
}