{
    "rmse": 73.51534771066684,
    "mae": 6.582974973673316,
    "max": 1159.1201072232511,
    "lp4": 1.4670494728988508,
    "rrmse": 1.0001754429060972
}