{
    "rmse": 73.51555360338253,
    "mae": 6.582462288621435,
    "max": 1159.10374800583,
    "lp4": 1.4670357204611262,
    "rrmse": 1.000178244074078
}