{
    "rmse": 73.51512606842535,
    "mae": 6.582646076434484,
    "max": 1159.1005407853506,
    "lp4": 1.4670303902474313,
    "rrmse": 1.0001724274660027
}