{
    "rmse": 0.4834909376862708,
    "mse": 0.2337634868247494,
    "mae": 0.1649649054216404,
    "max": 4.881059116226981,
    "lp4": 0.006400450985976419,
    "rrmse": 1.0026218226883306
}