{
    "rmse": 1.4069626582458148,
    "mse": 1.9795439216981292,
    "mae": 0.6283594664401878,
    "max": 9.718677039141886,
    "lp4": 0.05153323909540936,
    "rrmse": 1.0005397923147206
}