{
    "rmse": 39.870028293049565,
    "mae": 3.4054826480643774,
    "max": 553.5716295125951,
    "lp4": 0.781731873602119,
    "rrmse": 1.0028206001529152
}