{
    "rmse": 67.95738199464776,
    "mse": 4618.2057675664755,
    "mae": 5.050701889839432,
    "max": 1196.2669313568297,
    "lp4": 1.4627483218103936,
    "rrmse": 1.0005758273121985
}